"out","var","tim","lag","estimate","std.error","p.value","aic","nrow"
"hosp_rate","aerosols","recent",0,1.1849109522709e-06,6.07819909460968e-07,0.0514176813348178,-27532.3720387015,1624
"death_rate","aerosols","recent",0,-4.42565705424543e-08,5.0763097489273e-08,0.383359356138266,-79522.6592604314,3778
"case_rate","aerosols","recent",0,1.20873118107482e-06,1.09695351925584e-06,0.270576674886107,-56302.1462143567,3778
"hosp_rate","pm25","recent",0,-1.02894507475919e-07,2.93404786744336e-08,0.000471776738460767,-18845.9858093787,1116
"death_rate","pm25","recent",0,-3.11704855679939e-09,1.77663401236566e-09,0.0794737878423026,-53301.8200127525,2504
"case_rate","pm25","recent",0,-1.34887312968018e-07,4.61753329739903e-08,0.00351838310484403,-36987.1323745062,2504
"hosp_rate","aerosols_bin","recent",0,4.98287422554058e-06,5.1374019118992e-06,0.332233088489433,-27529.4611361287,1624
"death_rate","aerosols_bin","recent",0,-1.76891603632566e-07,4.44622056114995e-07,0.690765546984382,-79522.0525582983,3778
"case_rate","aerosols_bin","recent",0,8.16884003483024e-06,9.60781665913335e-06,0.395252355058823,-56301.6509865708,3778
"hosp_rate","pm25_bin","recent",0,6.5680720652731e-06,4.85656111260348e-06,0.176523759125876,-18835.3452959012,1116
"death_rate","pm25_bin","recent",0,-4.77348332365388e-08,3.07747758976931e-07,0.876747025703914,-53298.7370408366,2504
"case_rate","pm25_bin","recent",0,-1.09526513787341e-06,8.00726432721513e-06,0.891212688039429,-36978.5466167765,2504
"hosp_rate","aerosols","long.term",0,1.09672640306922e-05,8.5092066662575e-07,1.10399403734153e-37,-148488.426339869,9374
"death_rate","aerosols","long.term",0,1.09160959870091e-07,2.77464639615212e-07,0.69401115775783,-361724.006712577,20927
"case_rate","aerosols","long.term",0,1.01370395061553e-05,2.7165737907545e-06,0.000190810443592568,-266236.900334591,20927
"hosp_rate","pm25","long.term",0,3.35588734740044e-08,4.57366782950474e-08,0.46312977568035,-120540.242686299,7613
"death_rate","pm25","long.term",0,-1.35649789071031e-09,1.39286214186464e-08,0.922418481224763,-281824.516525662,16525
"case_rate","pm25","long.term",0,1.72391693594389e-09,1.28314616039862e-07,0.989280844740599,-208435.690414268,16525
"hosp_rate","aerosols_bin","long.term",0,8.57807498263143e-06,8.57143165939386e-06,0.316961921880281,-148321.516460188,9374
"death_rate","aerosols_bin","long.term",0,3.07530920424249e-08,2.83864956233711e-06,0.991356227293651,-361723.850676959,20927
"case_rate","aerosols_bin","long.term",0,6.93299184485632e-06,2.78015553097176e-05,0.803073775227948,-266222.919781028,20927
"hosp_rate","pm25_bin","long.term",0,3.56762233161064e-05,3.04566108615827e-06,2.04320314380672e-31,-120678.908510221,7613
"death_rate","pm25_bin","long.term",0,-1.89933860913141e-06,1.27668283284907e-06,0.136845687355336,-281826.744178687,16525
"case_rate","pm25_bin","long.term",0,1.16009440414323e-05,1.17616259915382e-05,0.323981652213663,-208436.673659455,16525
"hosp_rate","aerosols","recent",1,1.08992606920914e-06,6.04887547563841e-07,0.0717555469689952,-27531.8088981868,1624
"death_rate","aerosols","recent",1,1.86967674552564e-08,4.99161223899596e-08,0.70800547060068,-82327.2400407178,3907
"case_rate","aerosols","recent",1,2.7347883644799e-06,1.05256542631586e-06,0.00940654241953568,-58505.1539388677,3907
"hosp_rate","pm25","recent",1,-9.90984203729257e-08,2.91714773858695e-08,0.00070455911606036,-19682.6131736258,1165
"death_rate","pm25","recent",1,-2.9023362383756e-09,1.74829312978645e-09,0.0970161271554149,-55693.8240825239,2613
"case_rate","pm25","recent",1,-1.23802214317738e-07,4.4643837725587e-08,0.00559216032896148,-38761.1851956725,2613
"hosp_rate","aerosols_bin","recent",1,2.44378210007552e-06,5.08651039851659e-06,0.630977864584496,-27528.7376663609,1624
"death_rate","aerosols_bin","recent",1,-2.8405466597863e-08,4.37559086300496e-07,0.948242626939902,-82327.1028358726,3907
"case_rate","aerosols_bin","recent",1,2.00856027389511e-05,9.22890208790708e-06,0.0295870144791038,-58503.1262373762,3907
"hosp_rate","pm25_bin","recent",1,6.96936929215824e-06,4.65549458121076e-06,0.134665056908932,-19673.1588265932,1165
"death_rate","pm25_bin","recent",1,6.48052789927213e-08,2.96041700573154e-07,0.826740607621671,-55691.0903452482,2613
"case_rate","pm25_bin","recent",1,7.34597516649762e-06,7.56551318389485e-06,0.331648143592746,-38754.3814055173,2613
"hosp_rate","aerosols","long.term",1,1.10672057438407e-05,8.54399592141638e-07,4.85277701127431e-38,-148226.773973944,9358
"death_rate","aerosols","long.term",1,2.70934496033282e-07,2.767567847408e-07,0.327609915464763,-363150.447069713,21005
"case_rate","aerosols","long.term",1,1.20072558507784e-05,2.70608997684585e-06,9.16365047770545e-06,-267362.565036777,21005
"hosp_rate","pm25","long.term",1,3.17653544072755e-08,4.56060691135894e-08,0.48612744321175,-121168.65506291,7650
"death_rate","pm25","long.term",1,-1.73555748646361e-09,1.38986864469706e-08,0.900626374018561,-283088.739795269,16595
"case_rate","pm25","long.term",1,4.3777774264501e-09,1.27974420810124e-07,0.97271152589531,-209405.742596281,16595
"hosp_rate","aerosols_bin","long.term",1,5.02207910831683e-06,8.57625325683685e-06,0.558172452314672,-148057.519513988,9358
"death_rate","aerosols_bin","long.term",1,2.47263904724288e-07,2.83339301882188e-06,0.930459507270664,-363149.487892096,21005
"case_rate","aerosols_bin","long.term",1,2.13255501764938e-05,2.7716598452593e-05,0.441656066969445,-267343.308664437,21005
"hosp_rate","pm25_bin","long.term",1,3.47142093687194e-05,3.03335239778841e-06,4.47389068422176e-30,-121301.103433246,7650
"death_rate","pm25_bin","long.term",1,7.46638205609492e-07,1.2726707088303e-06,0.557433173220028,-283089.071963666,16595
"case_rate","pm25_bin","long.term",1,4.15361198859025e-05,1.17139556253631e-05,0.00039241414750477,-209418.446813566,16595
"hosp_rate","aerosols","recent",2,1.04854728127839e-06,6.06646625628101e-07,0.084104621565695,-27531.5451260085,1624
"death_rate","aerosols","recent",2,1.06737152213966e-07,5.01137056046359e-08,0.033242787367526,-82287.7011254727,3905
"case_rate","aerosols","recent",2,1.30252038756772e-06,1.05799212844635e-06,0.218350931280296,-58468.5004227112,3905
"hosp_rate","pm25","recent",2,-9.3409266578766e-08,2.89606017186601e-08,0.00129231844561396,-20521.0932137405,1214
"death_rate","pm25","recent",2,-2.06670204921402e-09,1.70976806221692e-09,0.226860473326591,-58122.6769803226,2722
"case_rate","pm25","recent",2,-1.02569656843646e-07,4.47151426576149e-08,0.0218759405385602,-40353.7087858496,2722
"hosp_rate","aerosols_bin","recent",2,1.94380561459677e-06,5.08549677153976e-06,0.702345229772131,-27528.6512977229,1624
"death_rate","aerosols_bin","recent",2,1.07313586423075e-06,4.35418554607038e-07,0.0137594407775822,-82289.2495293386,3905
"case_rate","aerosols_bin","recent",2,-1.06170595420922e-05,9.19452231247964e-06,0.248278095879951,-58468.3166841197,3905
"hosp_rate","pm25_bin","recent",2,8.75994759223873e-06,4.47022119607151e-06,0.0502736249340761,-20514.420917288,1214
"death_rate","pm25_bin","recent",2,1.02910369683883e-07,2.83693209745666e-07,0.716818359242559,-58121.3345416916,2722
"case_rate","pm25_bin","recent",2,1.36620948352876e-06,7.42472010091384e-06,0.854020854819528,-40348.433720127,2722
"hosp_rate","aerosols","long.term",2,1.14221095527767e-05,8.60408953859941e-07,7.51734921906278e-40,-147954.445051883,9341
"death_rate","aerosols","long.term",2,2.90913443379528e-07,2.78373108700078e-07,0.296012646969819,-362144.581177391,20950
"case_rate","aerosols","long.term",2,1.00892912315522e-05,2.72221337209691e-06,0.000210870134873762,-266602.599062054,20950
"hosp_rate","pm25","long.term",2,3.45950983288901e-08,4.55016000076272e-08,0.447096117617783,-121773.35821158,7686
"death_rate","pm25","long.term",2,-1.6528800757344e-09,1.38693313521368e-08,0.905138021352059,-284335.567782765,16664
"case_rate","pm25","long.term",2,2.16344034372302e-08,1.27721776496556e-07,0.86549435826511,-210341.600308762,16664
"hosp_rate","aerosols_bin","long.term",2,3.25419212577594e-06,8.66133343551532e-06,0.707137554027914,-147776.524699516,9341
"death_rate","aerosols_bin","long.term",2,1.0576292581683e-06,2.83708749041147e-06,0.709310803914922,-362143.619557445,20950
"case_rate","aerosols_bin","long.term",2,-9.98987327812045e-06,2.77523580930013e-05,0.718877084280782,-266588.875462465,20950
"hosp_rate","pm25_bin","long.term",2,3.50135732612516e-05,3.02249176285411e-06,9.02945740781795e-31,-121908.967452815,7686
"death_rate","pm25_bin","long.term",2,1.00016163567114e-06,1.26897143588214e-06,0.430610258678771,-284336.181404013,16664
"case_rate","pm25_bin","long.term",2,3.5416610143441e-05,1.16828450995915e-05,0.00243715204966293,-210350.859092993,16664
"hosp_rate","aerosols","recent",3,1.31551455779394e-06,6.09157456922168e-07,0.0309553489351618,-27516.9169860021,1623
"death_rate","aerosols","recent",3,3.41143496287871e-08,5.0295288576772e-08,0.497633958087147,-82217.4949936712,3902
"case_rate","aerosols","recent",3,2.37154467226824e-07,1.06022945146738e-06,0.823016395879399,-58428.3337523882,3902
"hosp_rate","pm25","recent",3,-9.14961066611431e-08,2.87006948797013e-08,0.00146885436693129,-21366.2441052661,1263
"death_rate","pm25","recent",3,-2.16775323530029e-09,1.67456147007391e-09,0.195592512998633,-60555.5920971839,2831
"case_rate","pm25","recent",3,-1.06731721813047e-07,4.38889862924279e-08,0.0150838892149532,-42062.8654730712,2831
"hosp_rate","aerosols_bin","recent",3,4.54162123653393e-06,5.15979234677377e-06,0.378886759610462,-27512.9590424326,1623
"death_rate","aerosols_bin","recent",3,-7.62033880683803e-08,4.37821151883103e-07,0.861834164418403,-82217.0616959367,3902
"case_rate","aerosols_bin","recent",3,-1.43321879662741e-05,9.22598252851968e-06,0.120395224662248,-58430.7157370117,3902
"hosp_rate","pm25_bin","recent",3,8.91578589864521e-06,4.29662715284231e-06,0.0381870419743973,-21360.2891211885,1263
"death_rate","pm25_bin","recent",3,3.40688314429115e-07,2.72368103278331e-07,0.211098063958367,-60555.4798646297,2831
"case_rate","pm25_bin","recent",3,2.00381080882979e-06,7.14584626770997e-06,0.779178929883372,-42056.9781803273,2831
"hosp_rate","aerosols","long.term",3,1.18735255822998e-05,8.67022781233253e-07,2.85410845233467e-42,-147684.700665201,9324
"death_rate","aerosols","long.term",3,1.94948277902771e-07,2.79928514535045e-07,0.486172624959551,-361119.066274303,20894
"case_rate","aerosols","long.term",3,8.89888325203423e-06,2.73744031536466e-06,0.00115262795155723,-265832.217217715,20894
"hosp_rate","pm25","long.term",3,3.45299278075275e-08,4.53907347182547e-08,0.446844319692903,-122380.93149944,7722
"death_rate","pm25","long.term",3,-5.43043916254466e-10,1.38408407394838e-08,0.968703587045791,-285564.170062114,16732
"case_rate","pm25","long.term",3,2.52684572878504e-08,1.27473206685701e-07,0.842870966462219,-211264.636366442,16732
"hosp_rate","aerosols_bin","long.term",3,5.22084815565824e-06,8.78847278345111e-06,0.552489119840751,-147495.679640112,9324
"death_rate","aerosols_bin","long.term",3,-3.63666433471934e-08,2.85336753169388e-06,0.989831226762162,-361118.577108124,20894
"case_rate","aerosols_bin","long.term",3,-1.7446994358424e-05,2.79098070765899e-05,0.531898819695411,-265821.952065495,20894
"hosp_rate","pm25_bin","long.term",3,3.49630875210339e-05,3.01526322824526e-06,7.93462703858839e-31,-122516.805653066,7722
"death_rate","pm25_bin","long.term",3,9.4167233562785e-07,1.26607733369915e-06,0.457025236248004,-285564.727742412,16732
"case_rate","pm25_bin","long.term",3,3.33140099225369e-05,1.16578191403551e-05,0.00427318153147805,-211272.850096608,16732
"hosp_rate","aerosols","recent",4,1.35007430506334e-06,6.06421297973271e-07,0.0261338315416191,-27500.7830865831,1622
"death_rate","aerosols","recent",4,8.7458913432368e-08,5.04147781075006e-08,0.0828581765011292,-82153.9246808124,3899
"case_rate","aerosols","recent",4,3.04196030939783e-06,1.06055733095434e-06,0.00414963808109342,-58399.1464339843,3899
"hosp_rate","pm25","recent",4,-8.15980741631212e-08,2.84812820337173e-08,0.00423843379930289,-22208.9187342733,1312
"death_rate","pm25","recent",4,-1.96046332366903e-09,1.92825107889732e-09,0.309378078738275,-62045.5926895896,2940
"case_rate","pm25","recent",4,-1.13490821126111e-07,4.3355692021298e-08,0.00889912559543216,-43742.1841410215,2940
"hosp_rate","aerosols_bin","recent",4,5.89625965179881e-06,5.15807097264731e-06,0.253163520395854,-27497.0695882822,1622
"death_rate","aerosols_bin","recent",4,2.45167535050785e-07,4.40851602659336e-07,0.578159229101372,-82151.2032894003,3899
"case_rate","aerosols_bin","recent",4,6.60342369270677e-06,9.28004763578993e-06,0.476772663200772,-58391.3707089051,3899
"hosp_rate","pm25_bin","recent",4,9.07445835076396e-06,4.16424646841202e-06,0.029503004762293,-22205.3988790757,1312
"death_rate","pm25_bin","recent",4,6.55877221122859e-07,3.06209072115617e-07,0.0322821764908003,-62049.1787924331,2940
"case_rate","pm25_bin","recent",4,2.91097636506798e-06,6.89703952079059e-06,0.673011135529197,-43735.4517281544,2940
"hosp_rate","aerosols","long.term",4,1.20674236739679e-05,8.67833063826118e-07,1.63435850858885e-43,-147361.06578202,9304
"death_rate","aerosols","long.term",4,3.09031919849407e-07,2.81299769517635e-07,0.271961602729778,-360021.85839244,20834
"case_rate","aerosols","long.term",4,1.1170291381772e-05,2.75033169020332e-06,4.89521444487442e-05,-265016.489073806,20834
"hosp_rate","pm25","long.term",4,4.15749337422064e-08,4.52825669566083e-08,0.358584089685693,-122940.48733093,7755
"death_rate","pm25","long.term",4,1.92520123794468e-09,1.38205807147871e-08,0.889215101676133,-286705.097166528,16796
"case_rate","pm25","long.term",4,2.24323526523255e-08,1.27209147018431e-07,0.860027187084594,-212141.817513805,16796
"hosp_rate","aerosols_bin","long.term",4,5.90607131400496e-06,8.79441593027598e-06,0.501874100557865,-147166.331203798,9304
"death_rate","aerosols_bin","long.term",4,2.5959783348074e-07,2.87635538035326e-06,0.928087559844744,-360020.648942964,20834
"case_rate","aerosols_bin","long.term",4,5.27769457000881e-06,2.81331693526076e-05,0.851194521738325,-264999.888191941,20834
"hosp_rate","pm25_bin","long.term",4,3.4666869913471e-05,3.00678157464872e-06,1.68093858063441e-30,-123074.568704934,7755
"death_rate","pm25_bin","long.term",4,3.97324530163741e-06,1.26323863108185e-06,0.0016621776704661,-286715.075761839,16796
"case_rate","pm25_bin","long.term",4,5.74391034477017e-05,1.16221868870973e-05,7.80005622742057e-07,-212166.460795209,16796
"hosp_rate","aerosols","recent",5,1.25725016833137e-06,6.041701701144e-07,0.0375978624755278,-27483.6162221679,1621
"death_rate","aerosols","recent",5,-1.64961622031025e-08,5.03713634251196e-08,0.743314379920979,-82084.8294728529,3896
"case_rate","aerosols","recent",5,2.15957778591755e-06,1.0595878727514e-06,0.0416048985027927,-58348.7417926628,3896
"hosp_rate","pm25","recent",5,-7.36256865951579e-08,2.82019461570347e-08,0.00913827184029581,-23059.5083439875,1361
"death_rate","pm25","recent",5,-2.38800885922027e-09,1.98912550449427e-09,0.230026973706375,-64145.4598862619,3049
"case_rate","pm25","recent",5,-1.05678147824952e-07,4.2976468513955e-08,0.0139890819274563,-45406.5642898347,3049
"hosp_rate","aerosols_bin","recent",5,4.73821800164983e-06,5.15811803578649e-06,0.358447121299333,-27480.0674652493,1621
"death_rate","aerosols_bin","recent",5,-4.12340280413387e-07,4.40986734751052e-07,0.349826064047391,-82085.6027767256,3896
"case_rate","aerosols_bin","recent",5,4.9341723424195e-06,9.28195240051803e-06,0.595042097658311,-58344.8405826225,3896
"hosp_rate","pm25_bin","recent",5,9.6881728905234e-06,4.08992894117411e-06,0.017988611703042,-23058.282530065,1361
"death_rate","pm25_bin","recent",5,6.64010054852216e-07,3.10263710333264e-07,0.0324227806065593,-64148.6268737091,3049
"case_rate","pm25_bin","recent",5,3.74107768992521e-06,6.71331788723205e-06,0.577389670994678,-45400.7773547466,3049
"hosp_rate","aerosols","long.term",5,1.20570076642093e-05,8.67526547421387e-07,1.80532487465359e-43,-147025.182199109,9282
"death_rate","aerosols","long.term",5,1.53135471544566e-07,2.81940662692279e-07,0.587033874436873,-358814.496319936,20768
"case_rate","aerosols","long.term",5,9.76488487957389e-06,2.75674200951172e-06,0.000397707439375239,-264107.922236705,20768
"hosp_rate","pm25","long.term",5,5.28817746675798e-08,4.50912456439874e-08,0.240923775230629,-123497.268884277,7786
"death_rate","pm25","long.term",5,-1.19510606954363e-09,1.37984003548952e-08,0.930981023880928,-287748.533484039,16854
"case_rate","pm25","long.term",5,-6.70989070913873e-09,1.27017641987641e-07,0.957870822356352,-212924.414380878,16854
"hosp_rate","aerosols_bin","long.term",5,5.06885429945044e-06,8.78844670133843e-06,0.564113574299028,-146830.519513377,9282
"death_rate","aerosols_bin","long.term",5,-2.53590005483681e-07,2.88089143607511e-06,0.929857790256341,-358814.206478923,20768
"case_rate","aerosols_bin","long.term",5,4.97496163502088e-06,2.81769687599589e-05,0.859854748364409,-264095.297713908,20768
"hosp_rate","pm25_bin","long.term",5,3.44024374464185e-05,2.98439691622982e-06,1.71831729291543e-30,-123630.765131437,7786
"death_rate","pm25_bin","long.term",5,9.90507744670165e-07,1.25912944516239e-06,0.431491654176456,-287749.151516675,16854
"case_rate","pm25_bin","long.term",5,3.09154470401952e-05,1.1588333859598e-05,0.00764217340817431,-212931.60534892,16854
"hosp_rate","aerosols","recent",6,1.36585073836694e-06,6.02467236390379e-07,0.0235182565122639,-27467.8723816328,1620
"death_rate","aerosols","recent",6,1.49446916715582e-08,5.03462445113469e-08,0.766605960236033,-82018.7172330131,3893
"case_rate","aerosols","recent",6,1.69613010289092e-06,1.05744290729825e-06,0.108797577174388,-58312.8006610262,3893
"hosp_rate","pm25","recent",6,-7.1706789263746e-08,2.80748830524248e-08,0.0107522773665672,-23882.6742219793,1409
"death_rate","pm25","recent",6,-1.82348446117649e-09,1.9693420955058e-09,0.354550791692197,-66473.1774238658,3157
"case_rate","pm25","recent",6,-1.120554318239e-07,4.23656220813725e-08,0.00821090615840639,-47097.7989349595,3157
"hosp_rate","aerosols_bin","recent",6,5.35601510542335e-06,5.1570909603418e-06,0.299161405472508,-27463.7401485104,1620
"death_rate","aerosols_bin","recent",6,-3.57938739522269e-07,4.41162354118293e-07,0.417212552041062,-82019.29208511,3893
"case_rate","aerosols_bin","recent",6,-1.31971291076584e-07,9.26968540442902e-06,0.988641741816315,-58310.20761524,3893
"hosp_rate","pm25_bin","recent",6,8.72722567790792e-06,4.00566226074524e-06,0.0295212748983093,-23880.8649218575,1409
"death_rate","pm25_bin","recent",6,2.69941307969477e-07,3.01653163030717e-07,0.370923811945405,-66473.1203188165,3157
"case_rate","pm25_bin","recent",6,1.0748209714567e-05,6.49369036661827e-06,0.0979888935637882,-47093.5072010996,3157
"hosp_rate","aerosols","long.term",6,1.20842099926211e-05,8.67871953883317e-07,1.27114163337742e-43,-146664.205590435,9259
"death_rate","aerosols","long.term",6,1.49971820277423e-07,2.82523306787949e-07,0.595542401237473,-357534.057644255,20698
"case_rate","aerosols","long.term",6,9.97610309893684e-06,2.76220649598006e-06,0.000304989489392273,-263150.182265231,20698
"hosp_rate","pm25","long.term",6,6.26629785302124e-08,4.49432074741871e-08,0.163276582623978,-124039.989716313,7817
"death_rate","pm25","long.term",6,-1.10023030441859e-09,1.37766651952806e-08,0.936348068310964,-288740.183621311,16909
"case_rate","pm25","long.term",6,-1.78639130309181e-08,1.26814067388134e-07,0.887976734954113,-213672.822039099,16909
"hosp_rate","aerosols_bin","long.term",6,5.40172008052262e-06,8.78719760650675e-06,0.538751004902787,-146468.867011079,9259
"death_rate","aerosols_bin","long.term",6,-2.53976183392717e-07,2.88580220062383e-06,0.929870487378373,-357533.781139948,20698
"case_rate","aerosols_bin","long.term",6,-3.84315368582944e-06,2.82230120993695e-05,0.891687495158071,-263137.043555192,20698
"hosp_rate","pm25_bin","long.term",6,3.41531245800592e-05,2.97504519152187e-06,2.94746551426666e-30,-124171.811452404,7817
"death_rate","pm25_bin","long.term",6,-2.0079076926671e-06,1.25684545515049e-06,0.110155986474195,-288742.757308,16909
"case_rate","pm25_bin","long.term",6,7.55120159489638e-06,1.15699900625242e-05,0.513988261927082,-213673.232615375,16909
"hosp_rate","aerosols","recent",7,1.39473931788664e-06,6.03816582225955e-07,0.0210229209951738,-27451.5271911773,1619
"death_rate","aerosols","recent",7,3.13293033109104e-08,5.03622904321581e-08,0.533926943923181,-81952.797131394,3890
"case_rate","aerosols","recent",7,3.17084590177863e-06,1.05560841946335e-06,0.00268335297562235,-58281.1365772773,3890
"hosp_rate","pm25","recent",7,-7.18475839429433e-08,2.8170562958414e-08,0.0108657353532654,-23898.1037234115,1410
"death_rate","pm25","recent",7,-1.68084541124878e-09,1.94513258052458e-09,0.387581152708916,-68816.3526176424,3265
"case_rate","pm25","recent",7,-7.44714304341429e-08,4.19442147531862e-08,0.0759114741846419,-48762.6548642335,3265
"hosp_rate","aerosols_bin","recent",7,4.54443302282638e-06,5.18415092913217e-06,0.380835862189268,-27446.879882488,1619
"death_rate","aerosols_bin","recent",7,3.50325057337555e-07,4.41334863357462e-07,0.42736934238356,-81953.0422286398,3890
"case_rate","aerosols_bin","recent",7,1.03321877240453e-05,9.26011729890443e-06,0.264588858057262,-58273.3045648128,3890
"hosp_rate","pm25_bin","recent",7,9.80051008024927e-06,4.056104132641e-06,0.0158110406100958,-23897.4251877544,1410
"death_rate","pm25_bin","recent",7,2.71778089546786e-07,2.92684724018762e-07,0.353181586934112,-68816.4692543762,3265
"case_rate","pm25_bin","recent",7,1.26617983780112e-05,6.31062067874128e-06,0.0448938676751166,-48763.5359233939,3265
"hosp_rate","aerosols","long.term",7,1.23841463838765e-05,8.69397126314407e-07,1.50325568469155e-45,-146295.214526754,9235
"death_rate","aerosols","long.term",7,2.30421419307736e-07,2.83057725759006e-07,0.415629276653168,-356199.56854307,20625
"case_rate","aerosols","long.term",7,1.19486263700073e-05,2.7669120095082e-06,1.57906233335008e-05,-262156.320156174,20625
"hosp_rate","pm25","long.term",7,6.63025083746829e-08,4.5100194521848e-08,0.141571703683754,-123783.967047729,7800
"death_rate","pm25","long.term",7,-5.38969624750319e-10,1.375433024759e-08,0.968742999933206,-289699.456316035,16962
"case_rate","pm25","long.term",7,1.69866659768792e-08,1.2661355463681e-07,0.893276468662284,-214395.440496438,16962
"hosp_rate","aerosols_bin","long.term",7,4.22881141127376e-06,8.82957970062391e-06,0.631995098582776,-146090.703746774,9235
"death_rate","aerosols_bin","long.term",7,3.78915561632079e-07,2.89093736936321e-06,0.895721113234273,-356198.917223551,20625
"case_rate","aerosols_bin","long.term",7,8.82278365675503e-06,2.82715195477634e-05,0.754988074436119,-262137.609661631,20625
"hosp_rate","pm25_bin","long.term",7,3.47655177119862e-05,2.99215930045479e-06,6.0215766893616e-31,-123918.802540084,7800
"death_rate","pm25_bin","long.term",7,7.91466043636575e-07,1.25467660173511e-06,0.528171534554773,-289699.857071522,16962
"case_rate","pm25_bin","long.term",7,3.00781962325865e-05,1.15475571464235e-05,0.0092029459155108,-214402.280311463,16962
"hosp_rate","aerosols","recent",8,1.28875083651888e-06,6.05515613319515e-07,0.0334615320901809,-27434.1140068892,1618
"death_rate","aerosols","recent",8,1.37561429522233e-07,5.04092610392013e-08,0.00638358633320831,-81893.7935546983,3887
"case_rate","aerosols","recent",8,4.72100521377724e-06,1.0559696095077e-06,8.01775809218762e-06,-58244.9763360605,3887
"hosp_rate","pm25","recent",8,-7.19598080077709e-08,2.81510378063859e-08,0.0106884149889797,-23912.3423505346,1411
"death_rate","pm25","recent",8,-2.40873409619107e-09,1.94150220272096e-09,0.21482330814058,-68817.5400249873,3265
"case_rate","pm25","recent",8,-5.76255084584249e-08,4.18810548402677e-08,0.168937807453606,-48761.4836849144,3265
"hosp_rate","aerosols_bin","recent",8,4.70602891706267e-06,5.21121570699488e-06,0.366632273528344,-27430.3334444406,1618
"death_rate","aerosols_bin","recent",8,1.00407517166647e-06,4.42232714412473e-07,0.0232341581475034,-81891.4864740611,3887
"case_rate","aerosols_bin","recent",8,2.167883111744e-05,9.27852131360642e-06,0.0195186064923491,-58230.3750696772,3887
"hosp_rate","pm25_bin","recent",8,9.50894014406994e-06,4.14351706004938e-06,0.0218885873846918,-23911.0517585271,1411
"death_rate","pm25_bin","recent",8,2.81536599646004e-07,2.93287770660419e-07,0.337160736358809,-68816.9163947164,3265
"case_rate","pm25_bin","recent",8,1.58437976827012e-05,6.32175774896425e-06,0.0122512589987883,-48765.9095357982,3265
"hosp_rate","aerosols","long.term",8,1.22209646680114e-05,8.62197876951404e-07,4.02743893436305e-45,-146057.656182042,9208
"death_rate","aerosols","long.term",8,2.78582710775451e-07,2.83980309584336e-07,0.326607822918116,-354773.661056703,20547
"case_rate","aerosols","long.term",8,1.22144549240351e-05,2.77580467847989e-06,1.08635733221982e-05,-261087.92743986,20547
"hosp_rate","pm25","long.term",8,6.5676193964903e-08,4.45927034379671e-08,0.140846029382634,-123715.039265229,7782
"death_rate","pm25","long.term",8,-1.59353608715866e-09,1.37985766981054e-08,0.908061667777796,-288649.651336304,16904
"case_rate","pm25","long.term",8,3.09144841027064e-08,1.27014110023676e-07,0.807703105499918,-213604.92707165,16904
"hosp_rate","aerosols_bin","long.term",8,4.08278304349878e-06,8.78150012562524e-06,0.641992788442325,-145855.121056223,9208
"death_rate","aerosols_bin","long.term",8,1.03735511265041e-06,2.90297213605673e-06,0.720839174066673,-354772.818842198,20547
"case_rate","aerosols_bin","long.term",8,2.04536923037484e-05,2.83880459770748e-05,0.471223190386829,-261068.921738077,20547
"hosp_rate","pm25_bin","long.term",8,3.50750388928973e-05,2.97077513078411e-06,6.84075334399309e-32,-123854.297857209,7782
"death_rate","pm25_bin","long.term",8,8.82980742521252e-07,1.2658139592649e-06,0.485462323167281,-288650.129818366,16904
"case_rate","pm25_bin","long.term",8,3.39110009292595e-05,1.16488870787436e-05,0.00360641651264588,-213613.433243004,16904
"hosp_rate","aerosols","recent",9,1.23089287316047e-06,6.03598797070562e-07,0.0415898852059729,-27417.1300103855,1617
"death_rate","aerosols","recent",9,1.46028137898844e-08,5.04655370970404e-08,0.772319867386606,-81820.2762729619,3884
"case_rate","aerosols","recent",9,1.24357079265462e-06,1.05859314867641e-06,0.240171713646113,-58179.1029879058,3884
"hosp_rate","pm25","recent",9,-6.52914044700195e-08,2.81821363312853e-08,0.0206623192641384,-23907.6955037715,1411
"death_rate","pm25","recent",9,-2.65621028517452e-09,1.93431086999677e-09,0.169783059762029,-68817.9694912149,3265
"case_rate","pm25","recent",9,-3.32129074433041e-08,4.16492615901456e-08,0.425252421959917,-48773.9221616358,3265
"hosp_rate","aerosols_bin","recent",9,3.99383993745237e-06,5.21099931006008e-06,0.44353754387135,-27413.4944858048,1617
"death_rate","aerosols_bin","recent",9,2.28859420330879e-07,4.43677937408449e-07,0.606007428155753,-81820.4601226653,3884
"case_rate","aerosols_bin","recent",9,-1.63084387753543e-05,9.30501283517888e-06,0.0797415062176598,-58180.8078299984,3884
"hosp_rate","pm25_bin","recent",9,9.30793829162397e-06,4.25333247965667e-06,0.0288085685105179,-23907.1063152016,1411
"death_rate","pm25_bin","recent",9,3.25157067234493e-07,2.97127212495546e-07,0.273889073976882,-68817.2748841679,3265
"case_rate","pm25_bin","recent",9,8.31287980430426e-06,6.39597185592761e-06,0.193794585972829,-48774.9855241709,3265
"hosp_rate","aerosols","long.term",9,1.20169273569276e-05,8.53552206232828e-07,1.52205486534813e-44,-145789.628078159,9179
"death_rate","aerosols","long.term",9,2.30872860176015e-07,2.84981085116801e-07,0.417872682531173,-353311.872683104,20467
"case_rate","aerosols","long.term",9,1.02015656738347e-05,2.78583075078811e-06,0.000250941459663589,-259987.322375955,20467
"hosp_rate","pm25","long.term",9,6.5499589622385e-08,4.41999329673096e-08,0.138410242572105,-123602.904652336,7761
"death_rate","pm25","long.term",9,-1.38746613545629e-09,1.38394749640698e-08,0.920143686766361,-287567.421970405,16844
"case_rate","pm25","long.term",9,7.02521505120196e-08,1.27379535773729e-07,0.5812857931082,-212791.984585877,16844
"hosp_rate","aerosols_bin","long.term",9,3.16446926569748e-06,8.68894853072157e-06,0.715721162303832,-145589.694668474,9179
"death_rate","aerosols_bin","long.term",9,3.32026551758583e-07,2.91519751052453e-06,0.909322120826713,-353311.223480634,20467
"case_rate","aerosols_bin","long.term",9,-1.84676048917632e-05,2.85061666139934e-05,0.517091918722003,-259974.218200526,20467
"hosp_rate","pm25_bin","long.term",9,3.49586694293178e-05,2.94669817475627e-06,3.51793854364856e-32,-123743.497709897,7761
"death_rate","pm25_bin","long.term",9,7.90110423927783e-07,1.28000097177292e-06,0.53706291135081,-287567.797061138,16844
"case_rate","pm25_bin","long.term",9,2.8889210884093e-05,1.17793345850022e-05,0.0141956042935278,-212797.75765682,16844
"hosp_rate","aerosols","recent",10,1.34249540806108e-06,6.02333448961158e-07,0.025965344719666,-27401.3389557178,1616
"death_rate","aerosols","recent",10,2.01522210706489e-08,5.03671848923304e-08,0.689100528753779,-81754.6234132007,3881
"case_rate","aerosols","recent",10,3.85838656543047e-06,1.0548013695392e-06,0.000257666827970874,-58144.4211034295,3881
"hosp_rate","pm25","recent",10,-6.40976681319777e-08,2.81637154207203e-08,0.0230050681643446,-23886.1099819194,1410
"death_rate","pm25","recent",10,-2.19617858230066e-09,1.92635119757124e-09,0.254340888761938,-68794.8024192188,3264
"case_rate","pm25","recent",10,3.3865008331106e-08,4.15443658327956e-08,0.415044884405515,-48746.4379040702,3264
"hosp_rate","aerosols_bin","recent",10,3.72265382810798e-06,5.21054587781651e-06,0.475056619654586,-27396.802391908,1616
"death_rate","aerosols_bin","recent",10,-1.93227891101927e-07,4.43826857302396e-07,0.663319941723638,-81754.6531168969,3881
"case_rate","aerosols_bin","recent",10,9.79861599616009e-06,9.30956365734022e-06,0.292621492788412,-58132.0696998545,3881
"hosp_rate","pm25_bin","recent",10,1.01538683824704e-05,4.30898939034212e-06,0.0185903615996863,-23886.4899932857,1410
"death_rate","pm25_bin","recent",10,9.77276234687003e-08,3.00518009126432e-07,0.745052855665859,-68793.5968490968,3264
"case_rate","pm25_bin","recent",10,1.34316855796645e-05,6.47623794072457e-06,0.0381587729439696,-48750.1080759746,3264
"hosp_rate","aerosols","long.term",10,1.17844058618131e-05,8.43880011826517e-07,7.37407904451861e-44,-145572.381181262,9150
"death_rate","aerosols","long.term",10,2.09028776838571e-07,2.85705399356474e-07,0.464406903695989,-351813.879459473,20385
"case_rate","aerosols","long.term",10,1.18453738956109e-05,2.79240243908496e-06,2.22521932021771e-05,-258870.657809683,20385
"hosp_rate","pm25","long.term",10,5.93523156127298e-08,4.37033827594061e-08,0.174481573723633,-123525.881659711,7739
"death_rate","pm25","long.term",10,-1.933876703848e-09,1.38933759504176e-08,0.88929841727382,-286445.744131957,16782
"case_rate","pm25","long.term",10,1.29480147034171e-07,1.27866159524101e-07,0.311255281839877,-211948.032479946,16782
"hosp_rate","aerosols_bin","long.term",10,2.98652991393357e-06,8.57270168714354e-06,0.727565443715748,-145375.627719782,9150
"death_rate","aerosols_bin","long.term",10,-7.89067792694271e-08,2.92104860613496e-06,0.978449497472454,-351813.340027864,20385
"case_rate","aerosols_bin","long.term",10,6.59818241710153e-06,2.85617871040875e-05,0.817306000750017,-258852.560375442,20385
"hosp_rate","pm25_bin","long.term",10,3.48521410135402e-05,2.90400730324305e-06,6.94633046379016e-33,-123670.145221757,7739
"death_rate","pm25_bin","long.term",10,6.10591000973169e-07,1.29387569475399e-06,0.636998270012499,-286445.949719478,16782
"case_rate","pm25_bin","long.term",10,2.48483984293006e-05,1.19069215278839e-05,0.0369135811032961,-211951.398741649,16782
"hosp_rate","aerosols","recent",11,1.47901029310918e-06,5.98138958549504e-07,0.0135144818173892,-27385.7278499197,1615
"death_rate","aerosols","recent",11,-7.03559737620449e-08,5.02261973105564e-08,0.16135982568981,-81690.3336333702,3878
"case_rate","aerosols","recent",11,4.64728510460979e-06,1.05115961542422e-06,1.0090990187294e-05,-58103.4652381437,3878
"hosp_rate","pm25","recent",11,-5.13034152065293e-08,2.76096263669541e-08,0.0633575125312957,-23898.3612091492,1411
"death_rate","pm25","recent",11,-2.50831963137864e-09,1.9095859694972e-09,0.189093920975932,-68792.8844358631,3264
"case_rate","pm25","recent",11,3.87873035891514e-08,4.11826768140239e-08,0.346347299934487,-48744.5396124134,3264
"hosp_rate","aerosols_bin","recent",11,4.57725486805086e-06,5.20979748632111e-06,0.379759068123492,-27380.2928399783,1615
"death_rate","aerosols_bin","recent",11,-6.74987269080186e-07,4.43870712779339e-07,0.128421259084387,-81690.6866414055,3878
"case_rate","aerosols_bin","recent",11,1.59364671268833e-05,9.31000780303453e-06,0.0870221578654837,-58086.7597326192,3878
"hosp_rate","pm25_bin","recent",11,9.83106358317373e-06,4.35048685147838e-06,0.0239914239082421,-23900.0468530572,1411
"death_rate","pm25_bin","recent",11,5.66987760016612e-07,3.0196540002287e-07,0.0605179430309167,-68794.7009936093,3264
"case_rate","pm25_bin","recent",11,1.36324071322596e-05,6.510563959865e-06,0.0363474692006069,-48748.0686846362,3264
"hosp_rate","aerosols","long.term",11,1.19132697692516e-05,8.33667368826751e-07,8.04336310081888e-46,-145289.871451708,9116
"death_rate","aerosols","long.term",11,1.1389309941351e-07,2.86675383412154e-07,0.691158257903481,-350187.917107368,20296
"case_rate","aerosols","long.term",11,1.24026103280823e-05,2.8016597020802e-06,9.61092211702282e-06,-257653.71342592,20296
"hosp_rate","pm25","long.term",11,5.45769992860056e-08,4.29631435570125e-08,0.204009439201037,-123374.433600699,7712
"death_rate","pm25","long.term",11,-7.7955767435885e-10,1.39583349942859e-08,0.955462853155303,-285180.896778783,16712
"case_rate","pm25","long.term",11,1.31106407821766e-07,1.2845617234438e-07,0.307444028787932,-210995.962637695,16712
"hosp_rate","aerosols_bin","long.term",11,4.09734430051152e-06,8.45628566961627e-06,0.628019964529913,-145084.041408135,9116
"death_rate","aerosols_bin","long.term",11,-5.89508214096058e-07,2.92745112672499e-06,0.840409336576546,-350187.798741028,20296
"case_rate","aerosols_bin","long.term",11,1.41190980119986e-05,2.86234671386951e-05,0.621827199668274,-257634.191070267,20296
"hosp_rate","pm25_bin","long.term",11,3.44743846631456e-05,2.8610266454058e-06,3.92496424852068e-33,-123520.107419739,7712
"death_rate","pm25_bin","long.term",11,9.7105733628337e-07,1.30274893200819e-06,0.456045980013367,-285181.45544244,16712
"case_rate","pm25_bin","long.term",11,2.8079540885393e-05,1.19875643771477e-05,0.0191725267744441,-211000.456606141,16712
"hosp_rate","aerosols","recent",12,1.386940498911e-06,5.91536688611327e-07,0.0191684728590772,-27368.2634621813,1614
"death_rate","aerosols","recent",12,-1.10390914723337e-08,4.99427584707855e-08,0.825077022271169,-81600.5138420877,3874
"case_rate","aerosols","recent",12,2.84888154256191e-06,1.04643291733519e-06,0.00650885683441819,-58029.0452505945,3874
"hosp_rate","pm25","recent",12,-3.91561883056007e-08,2.7340743869678e-08,0.152325869399995,-23893.561610592,1411
"death_rate","pm25","recent",12,-2.91985353616158e-09,1.8948926940968e-09,0.123437272140379,-68815.3020082053,3265
"case_rate","pm25","recent",12,2.7398763093193e-08,4.10848105298584e-08,0.504894438772378,-48725.9119743409,3265
"hosp_rate","aerosols_bin","recent",12,2.64528796791231e-06,5.18268597277057e-06,0.609836331445937,-27362.9337781356,1614
"death_rate","aerosols_bin","recent",12,-3.41365210827382e-07,4.43176437625149e-07,0.44118751419851,-81601.0627894032,3874
"case_rate","aerosols_bin","recent",12,1.41812861426573e-05,9.29251380971681e-06,0.127067788326774,-58023.9265391136,3874
"hosp_rate","pm25_bin","recent",12,1.18645980504138e-05,4.47286470777319e-06,0.00807969986949052,-23898.6419453026,1411
"death_rate","pm25_bin","recent",12,6.37659676117975e-07,3.02530551260817e-07,0.0351291499149338,-68817.3885077994,3265
"case_rate","pm25_bin","recent",12,1.83221645445053e-05,6.5540578444535e-06,0.00521181491183196,-48733.345772194,3265
"hosp_rate","aerosols","long.term",12,1.17485544964685e-05,8.23471430772379e-07,1.11697460290122e-45,-144985.431674874,9081
"death_rate","aerosols","long.term",12,8.82643552972553e-08,2.87620215668643e-07,0.758939324186882,-348525.508448249,20205
"case_rate","aerosols","long.term",12,1.11316103678222e-05,2.81103655018838e-06,7.52195446741532e-05,-256404.138344727,20205
"hosp_rate","pm25","long.term",12,5.32154543033966e-08,4.22448956251022e-08,0.207820573089594,-123198.586829967,7683
"death_rate","pm25","long.term",12,-2.10617694542045e-09,1.39958359912328e-08,0.880383063734267,-283931.971865266,16643
"case_rate","pm25","long.term",12,9.84022283105732e-08,1.28772899857282e-07,0.44478688494212,-210060.66726636,16643
"hosp_rate","aerosols_bin","long.term",12,3.04394695584558e-06,8.33891769671043e-06,0.715098420339352,-144780.148684754,9081
"death_rate","aerosols_bin","long.term",12,-2.0749356546038e-07,2.93409299335978e-06,0.94362279882673,-348525.418451309,20205
"case_rate","aerosols_bin","long.term",12,1.68086038634334e-05,2.86870763657635e-05,0.557929507868459,-256388.664781028,20205
"hosp_rate","pm25_bin","long.term",12,3.43402616777323e-05,2.82832340800678e-06,1.31297489542109e-33,-123346.530513967,7683
"death_rate","pm25_bin","long.term",12,8.94449455090938e-07,1.31360954171813e-06,0.495938220990681,-283932.417807719,16643
"case_rate","pm25_bin","long.term",12,3.4328246150782e-05,1.20836737381175e-05,0.00450447169119184,-210068.236091161,16643
"hosp_rate","aerosols","recent",13,1.45170424637709e-06,5.8238774044455e-07,0.012780032720765,-27352.0965543899,1613
"death_rate","aerosols","recent",13,1.57228548100089e-08,4.96015366069245e-08,0.751273575277706,-81512.3773985767,3870
"case_rate","aerosols","recent",13,2.86065702770692e-06,1.03913624402745e-06,0.00593445006671961,-57966.3430625198,3870
"hosp_rate","pm25","recent",13,-2.48724406711458e-08,2.7951625382706e-08,0.373707657329946,-23879.039915022,1410
"death_rate","pm25","recent",13,-2.4263138088694e-09,1.89255601348134e-09,0.199924062280745,-68770.7384961323,3263
"case_rate","pm25","recent",13,1.35855296834727e-08,4.10328813468224e-08,0.74059884050568,-48693.8556470224,3263
"hosp_rate","aerosols_bin","recent",13,1.48348069818744e-06,5.12976304432895e-06,0.772473200758304,-27345.8590395043,1613
"death_rate","aerosols_bin","recent",13,-2.20954583487994e-07,4.41456494941417e-07,0.616742812651678,-81512.528677203,3870
"case_rate","aerosols_bin","recent",13,6.60118337706208e-06,9.25706581210056e-06,0.475829255603138,-57959.221564182,3870
"hosp_rate","pm25_bin","recent",13,1.3468682681169e-05,4.59496701353109e-06,0.00343239467414415,-23886.9882503626,1410
"death_rate","pm25_bin","recent",13,3.3153919075129e-07,3.08469822874728e-07,0.282550595806337,-68770.2454369157,3263
"case_rate","pm25_bin","recent",13,1.27896203822639e-05,6.68381724530465e-06,0.0557697467243654,-48697.440674135,3263
"hosp_rate","aerosols","long.term",13,1.17873220826887e-05,8.12216066510405e-07,3.5004695011587e-47,-144666.559766893,9044
"death_rate","aerosols","long.term",13,3.11474614170447e-07,2.88705807957312e-07,0.280660939676086,-346755.905585037,20108
"case_rate","aerosols","long.term",13,1.22378180763541e-05,2.82127695261216e-06,1.44697307879089e-05,-255082.058565619,20108
"hosp_rate","pm25","long.term",13,6.99405675916075e-08,4.25174006992597e-08,0.100014585491666,-123044.771428615,7654
"death_rate","pm25","long.term",13,-2.88346781989698e-09,1.40499346088604e-08,0.837394995847522,-282579.41049145,16568
"case_rate","pm25","long.term",13,5.97764157122123e-08,1.29245336650824e-07,0.643726462226116,-209047.488808109,16568
"hosp_rate","aerosols_bin","long.term",13,3.31501529246522e-06,8.21775388315757e-06,0.686666104263358,-144454.253479253,9044
"death_rate","aerosols_bin","long.term",13,-1.20863564679146e-07,2.94116078637029e-06,0.967221504276988,-346754.73256573,20108
"case_rate","aerosols_bin","long.term",13,4.06982189259425e-06,2.87541849150372e-05,0.887446042066258,-255063.097496299,20108
"hosp_rate","pm25_bin","long.term",13,3.43672140757732e-05,2.7921345319201e-06,1.75534063915212e-34,-123195.679021677,7654
"death_rate","pm25_bin","long.term",13,7.42220766893626e-07,1.32663990195017e-06,0.575845798386354,-282579.684439455,16568
"case_rate","pm25_bin","long.term",13,3.12317343097651e-05,1.220150034379e-05,0.0104862512867318,-209053.897021982,16568
"hosp_rate","aerosols","recent",14,1.63193154242338e-06,5.7542209990582e-07,0.00462556684802917,-27337.0350555746,1612
"death_rate","aerosols","recent",14,1.85118354893379e-08,4.93085345271846e-08,0.707362490531046,-81402.235895945,3865
"case_rate","aerosols","recent",14,2.80971085599415e-06,1.0328022741407e-06,0.00654827769539744,-57888.0871485597,3865
"hosp_rate","pm25","recent",14,-8.66448795296409e-09,3.04942966773949e-08,0.77634990222887,-23835.9948747425,1407
"death_rate","pm25","recent",14,-2.58105044024158e-09,1.9251998726052e-09,0.18012321348671,-68690.2860092937,3259
"case_rate","pm25","recent",14,2.67407308323159e-08,4.17672983287265e-08,0.522067704448047,-48633.8531201681,3259
"hosp_rate","aerosols_bin","recent",14,2.19292822281753e-06,5.05713088338415e-06,0.664615651162325,-27329.0466110637,1612
"death_rate","aerosols_bin","recent",14,9.60926969491241e-08,4.37962633286273e-07,0.826343580931609,-81402.1423168598,3865
"case_rate","aerosols_bin","recent",14,7.04737200568664e-06,9.18147366187258e-06,0.442793318481768,-57881.2256104786,3865
"hosp_rate","pm25_bin","recent",14,1.50722221663845e-05,4.71233609291991e-06,0.00141310866686562,-23846.3342587879,1407
"death_rate","pm25_bin","recent",14,5.13218462116822e-07,3.15156661357917e-07,0.103526043274668,-68691.1483680992,3259
"case_rate","pm25_bin","recent",14,1.49511011221417e-05,6.83361050081656e-06,0.0287500318842264,-48638.269878288,3259
"hosp_rate","aerosols","long.term",14,1.2005233226205e-05,8.05770346397484e-07,1.3362420692757e-49,-144306.015825096,9005
"death_rate","aerosols","long.term",14,1.8011083911413e-07,2.90242365602545e-07,0.534900751644676,-344893.715808265,20006
"case_rate","aerosols","long.term",14,9.41082367627418e-06,2.83661187635117e-06,0.000909485992950024,-253680.388005483,20006
"hosp_rate","pm25","long.term",14,1.04800068845944e-07,4.56257174951162e-08,0.0216491783352397,-122812.709280342,7621
"death_rate","pm25","long.term",14,-2.22979557118437e-09,1.43522930246649e-08,0.876538158866254,-281115.911278449,16487
"case_rate","pm25","long.term",14,7.21400642960602e-08,1.32001765234472e-07,0.584724042754139,-207949.71890163,16487
"hosp_rate","aerosols_bin","long.term",14,2.27389667542942e-06,8.14448586979446e-06,0.78010201397275,-144082.28697788,9005
"death_rate","aerosols_bin","long.term",14,1.72382982070673e-07,2.94864459092043e-06,0.953381402793746,-344893.330581183,20006
"case_rate","aerosols_bin","long.term",14,2.89759470069419e-06,2.88255629533887e-05,0.919931169652808,-253669.291899618,20006
"hosp_rate","pm25_bin","long.term",14,3.38530861527833e-05,2.75888222967776e-06,2.79192783961607e-34,-122960.055913418,7621
"death_rate","pm25_bin","long.term",14,9.39657539521742e-07,1.33879971540789e-06,0.48277296915765,-281116.385065534,16487
"case_rate","pm25_bin","long.term",14,2.67863499337913e-05,1.23117909733539e-05,0.0295945299589907,-207954.203390479,16487
